cohort	release_population	sample_id	selection_order
colu_AO	AOcol	AR0007-C	0
colu_AO	AOcol	AR0009-C	1
colu_AO	AOcol	AR0011-C	2
colu_AO	AOcol	AR0013-C	3
colu_AO	AOcol	AR0015-C	4
colu_AO	AOcol	AR0017-C	5
colu_AO	AOcol	AR0021-C	6
colu_AO	AOcol	AR0023-C	7
colu_AO	AOcol	AR0027-C	8
colu_AO	AOcol	AR0034-C	9
colu_AO	AOcol	AR0040-C	10
colu_AO	AOcol	AR0042-C	11
colu_AO	AOcol	AR0046-C	12
colu_AO	AOcol	AR0048-C	13
colu_AO	AOcol	AR0049-C	14
colu_AO	AOcol	AR0051-C	15
colu_AO	AOcol	AR0052-C	16
colu_AO	AOcol	AR0054-C	17
colu_AO	AOcol	AR0057-C	18
colu_AO	AOcol	AR0059-C	19
colu_AO	AOcol	AR0063-C	20
colu_AO	AOcol	AR0065-C	21
colu_AO	AOcol	AR0066-C	22
colu_AO	AOcol	AR0070-C	23
colu_AO	AOcol	AR0072-C	24
colu_AO	AOcol	AR0075-C	25
colu_AO	AOcol	AR0078-C	26
colu_AO	AOcol	AR0079-C	27
colu_AO	AOcol	AR0080-C	28
colu_AO	AOcol	AR0082-C	29
colu_AO	AOcol	AR0083-C	30
colu_AO	AOcol	AR0084-C	31
colu_AO	AOcol	AR0085-C	32
colu_AO	AOcol	AR0087-C	33
colu_AO	AOcol	AR0088-C	34
colu_AO	AOcol	AR0089-C	35
colu_AO	AOcol	AR0090-C	36
colu_AO	AOcol	AR0095-C	37
colu_AO	AOcol	AR0099-C	38
colu_AO	AOcol	AR0100-C	39
colu_BF	BFcol	AB0087-C	0
colu_BF	BFcol	AB0090-C	1
colu_BF	BFcol	AB0092-C	2
colu_BF	BFcol	AB0094-C	3
colu_BF	BFcol	AB0095-C	4
colu_BF	BFcol	AB0097-C	5
colu_BF	BFcol	AB0099-C	6
colu_BF	BFcol	AB0109-C	7
colu_BF	BFcol	AB0110-C	8
colu_BF	BFcol	AB0111-C	9
colu_BF	BFcol	AB0112-C	10
colu_BF	BFcol	AB0113-C	11
colu_BF	BFcol	AB0115-C	12
colu_BF	BFcol	AB0140-C	13
colu_BF	BFcol	AB0182-C	14
colu_BF	BFcol	AB0184-C	15
colu_BF	BFcol	AB0185-C	16
colu_BF	BFcol	AB0186-C	17
colu_BF	BFcol	AB0187-C	18
colu_BF	BFcol	AB0188-C	19
colu_BF	BFcol	AB0189-C	20
colu_BF	BFcol	AB0190-C	21
colu_BF	BFcol	AB0191-C	22
colu_BF	BFcol	AB0192-C	23
colu_BF	BFcol	AB0209-C	24
colu_BF	BFcol	AB0210-C	25
colu_BF	BFcol	AB0212-C	26
colu_BF	BFcol	AB0219-C	27
colu_BF	BFcol	AB0227-C	28
colu_BF	BFcol	AB0229-C	29
colu_BF	BFcol	AB0234-C	30
colu_BF	BFcol	AB0246-C	31
colu_BF	BFcol	AB0247-C	32
colu_BF	BFcol	AB0249-C	33
colu_BF	BFcol	AB0250-C	34
colu_BF	BFcol	AB0257-C	35
colu_BF	BFcol	AB0258-C	36
colu_BF	BFcol	AB0266-C	37
colu_BF	BFcol	AB0279-C	38
colu_BF	BFcol	AB0282-C	39
gamb_BF	BFgam	AB0085-C	0
gamb_BF	BFgam	AB0104-C	1
gamb_BF	BFgam	AB0133-C	2
gamb_BF	BFgam	AB0134-C	3
gamb_BF	BFgam	AB0135-C	4
gamb_BF	BFgam	AB0136-C	5
gamb_BF	BFgam	AB0145-C	6
gamb_BF	BFgam	AB0146-C	7
gamb_BF	BFgam	AB0147-C	8
gamb_BF	BFgam	AB0148-C	9
gamb_BF	BFgam	AB0172-C	10
gamb_BF	BFgam	AB0173-C	11
gamb_BF	BFgam	AB0174-C	12
gamb_BF	BFgam	AB0177-C	13
gamb_BF	BFgam	AB0178-C	14
gamb_BF	BFgam	AB0197-C	15
gamb_BF	BFgam	AB0199-C	16
gamb_BF	BFgam	AB0203-C	17
gamb_BF	BFgam	AB0205-C	18
gamb_BF	BFgam	AB0206-C	19
gamb_BF	BFgam	AB0207-C	20
gamb_BF	BFgam	AB0208-C	21
gamb_BF	BFgam	AB0211-C	22
gamb_BF	BFgam	AB0217-C	23
gamb_BF	BFgam	AB0228-C	24
gamb_BF	BFgam	AB0231-C	25
gamb_BF	BFgam	AB0232-C	26
gamb_BF	BFgam	AB0235-C	27
gamb_BF	BFgam	AB0238-C	28
gamb_BF	BFgam	AB0241-C	29
gamb_BF	BFgam	AB0252-C	30
gamb_BF	BFgam	AB0253-C	31
gamb_BF	BFgam	AB0255-C	32
gamb_BF	BFgam	AB0261-C	33
gamb_BF	BFgam	AB0268-C	34
gamb_BF	BFgam	AB0271-C	35
gamb_BF	BFgam	AB0272-C	36
gamb_BF	BFgam	AB0273-C	37
gamb_BF	BFgam	AB0277-C	38
gamb_BF	BFgam	AB0284-C	39
colu_CI	CIcol	AY0006-C	0
colu_CI	CIcol	AY0011-C	1
colu_CI	CIcol	AY0012-C	2
colu_CI	CIcol	AY0013-C	3
colu_CI	CIcol	AY0016-C	4
colu_CI	CIcol	AY0017-C	5
colu_CI	CIcol	AY0019-C	6
colu_CI	CIcol	AY0023-C	7
colu_CI	CIcol	AY0024-C	8
colu_CI	CIcol	AY0025-C	9
colu_CI	CIcol	AY0026-C	10
colu_CI	CIcol	AY0027-C	11
colu_CI	CIcol	AY0031-C	12
colu_CI	CIcol	AY0034-C	13
colu_CI	CIcol	AY0038-C	14
colu_CI	CIcol	AY0040-C	15
colu_CI	CIcol	AY0042-C	16
colu_CI	CIcol	AY0043-C	17
colu_CI	CIcol	AY0045-C	18
colu_CI	CIcol	AY0047-C	19
colu_CI	CIcol	AY0048-C	20
colu_CI	CIcol	AY0049-C	21
colu_CI	CIcol	AY0050-C	22
colu_CI	CIcol	AY0054-C	23
colu_CI	CIcol	AY0055-C	24
colu_CI	CIcol	AY0056-C	25
colu_CI	CIcol	AY0059-C	26
colu_CI	CIcol	AY0060-C	27
colu_CI	CIcol	AY0065-C	28
colu_CI	CIcol	AY0066-C	29
colu_CI	CIcol	AY0067-C	30
colu_CI	CIcol	AY0070-C	31
colu_CI	CIcol	AY0076-C	32
colu_CI	CIcol	AY0078-C	33
colu_CI	CIcol	AY0079-C	34
colu_CI	CIcol	AY0080-C	35
colu_CI	CIcol	AY0082-C	36
colu_CI	CIcol	AY0085-C	37
colu_CI	CIcol	AY0087-C	38
colu_CI	CIcol	AY0090-C	39
gamb_CM	CMgam	AN0012-C	0
gamb_CM	CMgam	AN0040-C	1
gamb_CM	CMgam	AN0045-C	2
gamb_CM	CMgam	AN0051-C	3
gamb_CM	CMgam	AN0060-C	4
gamb_CM	CMgam	AN0062-C	5
gamb_CM	CMgam	AN0063-C	6
gamb_CM	CMgam	AN0064-C	7
gamb_CM	CMgam	AN0082-C	8
gamb_CM	CMgam	AN0092-C	9
gamb_CM	CMgam	AN0094-C	10
gamb_CM	CMgam	AN0104-C	11
gamb_CM	CMgam	AN0106-C	12
gamb_CM	CMgam	AN0109-C	13
gamb_CM	CMgam	AN0144-C	14
gamb_CM	CMgam	AN0156-C	15
gamb_CM	CMgam	AN0160-C	16
gamb_CM	CMgam	AN0172-C	17
gamb_CM	CMgam	AN0185-C	18
gamb_CM	CMgam	AN0189-C	19
gamb_CM	CMgam	AN0192-C	20
gamb_CM	CMgam	AN0198-C	21
gamb_CM	CMgam	AN0199-C	22
gamb_CM	CMgam	AN0205-C	23
gamb_CM	CMgam	AN0207-C	24
gamb_CM	CMgam	AN0209-C	25
gamb_CM	CMgam	AN0213-C	26
gamb_CM	CMgam	AN0221-C	27
gamb_CM	CMgam	AN0242-C	28
gamb_CM	CMgam	AN0246-C	29
gamb_CM	CMgam	AN0247-C	30
gamb_CM	CMgam	AN0252-C	31
gamb_CM	CMgam	AN0264-C	32
gamb_CM	CMgam	AN0269-C	33
gamb_CM	CMgam	AN0272-C	34
gamb_CM	CMgam	AN0287-C	35
gamb_CM	CMgam	AN0291-C	36
gamb_CM	CMgam	AN0296-C	37
gamb_CM	CMgam	AN0302-C	38
gamb_CM	CMgam	AN0319-C	39
gamb_GA	GAgam	AS0001-C	0
gamb_GA	GAgam	AS0003-C	1
gamb_GA	GAgam	AS0005-C	2
gamb_GA	GAgam	AS0006-C	3
gamb_GA	GAgam	AS0007-C	4
gamb_GA	GAgam	AS0008-C	5
gamb_GA	GAgam	AS0009-C	6
gamb_GA	GAgam	AS0010-C	7
gamb_GA	GAgam	AS0011-C	8
gamb_GA	GAgam	AS0013-C	9
gamb_GA	GAgam	AS0014-C	10
gamb_GA	GAgam	AS0015-C	11
gamb_GA	GAgam	AS0016-C	12
gamb_GA	GAgam	AS0017-C	13
gamb_GA	GAgam	AS0019-C	14
gamb_GA	GAgam	AS0022-C	15
gamb_GA	GAgam	AS0024-C	16
gamb_GA	GAgam	AS0026-C	17
gamb_GA	GAgam	AS0027-C	18
gamb_GA	GAgam	AS0030-C	19
gamb_GA	GAgam	AS0032-C	20
gamb_GA	GAgam	AS0033-C	21
gamb_GA	GAgam	AS0034-C	22
gamb_GA	GAgam	AS0035-C	23
gamb_GA	GAgam	AS0036-C	24
gamb_GA	GAgam	AS0037-C	25
gamb_GA	GAgam	AS0041-C	26
gamb_GA	GAgam	AS0042-C	27
gamb_GA	GAgam	AS0044-C	28
gamb_GA	GAgam	AS0045-C	29
gamb_GA	GAgam	AS0047-C	30
gamb_GA	GAgam	AS0054-C	31
gamb_GA	GAgam	AS0055-C	32
gamb_GA	GAgam	AS0056-C	33
gamb_GA	GAgam	AS0062-C	34
gamb_GA	GAgam	AS0064-C	35
gamb_GA	GAgam	AS0066-C	36
gamb_GA	GAgam	AS0068-C	37
gamb_GA	GAgam	AS0072-C	38
gamb_GA	GAgam	AS0078-C	39
colu_GH	GHcol	AA0040-C	0
colu_GH	GHcol	AA0041-C	1
colu_GH	GHcol	AA0043-C	2
colu_GH	GHcol	AA0049-C	3
colu_GH	GHcol	AA0052-C	4
colu_GH	GHcol	AA0053-C	5
colu_GH	GHcol	AA0054-C	6
colu_GH	GHcol	AA0055-C	7
colu_GH	GHcol	AA0056-C	8
colu_GH	GHcol	AA0063-C	9
colu_GH	GHcol	AA0064-C	10
colu_GH	GHcol	AA0066-C	11
colu_GH	GHcol	AA0067-C	12
colu_GH	GHcol	AA0073-C	13
colu_GH	GHcol	AA0075-C	14
colu_GH	GHcol	AA0077-C	15
colu_GH	GHcol	AA0087-C	16
colu_GH	GHcol	AA0088-C	17
colu_GH	GHcol	AA0089-C	18
colu_GH	GHcol	AA0090-C	19
colu_GH	GHcol	AA0091-C	20
colu_GH	GHcol	AA0097-C	21
colu_GH	GHcol	AA0098-C	22
colu_GH	GHcol	AA0100-C	23
colu_GH	GHcol	AA0101-C	24
colu_GH	GHcol	AA0102-C	25
colu_GH	GHcol	AA0104-C	26
colu_GH	GHcol	AA0107-C	27
colu_GH	GHcol	AA0109-C	28
colu_GH	GHcol	AA0110-C	29
colu_GH	GHcol	AA0113-C	30
colu_GH	GHcol	AA0115-C	31
colu_GH	GHcol	AA0116-C	32
colu_GH	GHcol	AA0124-C	33
colu_GH	GHcol	AA0125-C	34
colu_GH	GHcol	AA0132-C	35
colu_GH	GHcol	AA0134-C	36
colu_GH	GHcol	AA0136-C	37
colu_GH	GHcol	AA0140-C	38
colu_GH	GHcol	AA0141-C	39
gamb_GN	GNgam	AV0001-C	0
gamb_GN	GNgam	AV0002-C	1
gamb_GN	GNgam	AV0003-C	2
gamb_GN	GNgam	AV0004-C	3
gamb_GN	GNgam	AV0005-C	4
gamb_GN	GNgam	AV0006-C	5
gamb_GN	GNgam	AV0007-C	6
gamb_GN	GNgam	AV0008-C	7
gamb_GN	GNgam	AV0009-C	8
gamb_GN	GNgam	AV0010-C	9
gamb_GN	GNgam	AV0011-C	10
gamb_GN	GNgam	AV0012-C	11
gamb_GN	GNgam	AV0013-C	12
gamb_GN	GNgam	AV0014-C	13
gamb_GN	GNgam	AV0015-C	14
gamb_GN	GNgam	AV0017-C	15
gamb_GN	GNgam	AV0018-C	16
gamb_GN	GNgam	AV0020-C	17
gamb_GN	GNgam	AV0021-C	18
gamb_GN	GNgam	AV0022-C	19
gamb_GN	GNgam	AV0024-C	20
gamb_GN	GNgam	AV0025-C	21
gamb_GN	GNgam	AV0026-C	22
gamb_GN	GNgam	AV0027-C	23
gamb_GN	GNgam	AV0028-C	24
gamb_GN	GNgam	AV0029-C	25
gamb_GN	GNgam	AV0030-C	26
gamb_GN	GNgam	AV0031-C	27
gamb_GN	GNgam	AV0032-C	28
gamb_GN	GNgam	AV0033-C	29
gamb_GN	GNgam	AV0034-C	30
gamb_GN	GNgam	AV0035-C	31
gamb_GN	GNgam	AV0036-C	32
gamb_GN	GNgam	AV0037-C	33
gamb_GN	GNgam	AV0039-C	34
gamb_GN	GNgam	AV0041-C	35
gamb_GN	GNgam	AV0043-C	36
gamb_GN	GNgam	AV0044-C	37
gamb_GN	GNgam	AV0045-C	38
gamb_GN	GNgam	AV0047-C	39
gamb_UG	UGgam	AC0090-C	0
gamb_UG	UGgam	AC0095-C	1
gamb_UG	UGgam	AC0097-C	2
gamb_UG	UGgam	AC0100-C	3
gamb_UG	UGgam	AC0102-C	4
gamb_UG	UGgam	AC0104-C	5
gamb_UG	UGgam	AC0105-C	6
gamb_UG	UGgam	AC0106-C	7
gamb_UG	UGgam	AC0114-C	8
gamb_UG	UGgam	AC0116-C	9
gamb_UG	UGgam	AC0117-C	10
gamb_UG	UGgam	AC0118-C	11
gamb_UG	UGgam	AC0119-C	12
gamb_UG	UGgam	AC0125-C	13
gamb_UG	UGgam	AC0136-C	14
gamb_UG	UGgam	AC0137-C	15
gamb_UG	UGgam	AC0138-C	16
gamb_UG	UGgam	AC0141-C	17
gamb_UG	UGgam	AC0147-C	18
gamb_UG	UGgam	AC0148-C	19
gamb_UG	UGgam	AC0151-C	20
gamb_UG	UGgam	AC0155-C	21
gamb_UG	UGgam	AC0157-C	22
gamb_UG	UGgam	AC0158-C	23
gamb_UG	UGgam	AC0164-C	24
gamb_UG	UGgam	AC0166-C	25
gamb_UG	UGgam	AC0167-C	26
gamb_UG	UGgam	AC0171-C	27
gamb_UG	UGgam	AC0176-C	28
gamb_UG	UGgam	AC0177-C	29
gamb_UG	UGgam	AC0179-C	30
gamb_UG	UGgam	AC0181-C	31
gamb_UG	UGgam	AC0183-C	32
gamb_UG	UGgam	AC0187-C	33
gamb_UG	UGgam	AC0188-C	34
gamb_UG	UGgam	AC0189-C	35
gamb_UG	UGgam	AC0192-C	36
gamb_UG	UGgam	AC0193-C	37
gamb_UG	UGgam	AC0195-C	38
gamb_UG	UGgam	AC0199-C	39
