replicate,species,window_bp,metric,value
0,wolf,100000,pearson,0.5652457544688305
0,wolf,100000,log_pearson,0.3959174224687282
0,wolf,100000,spearman,0.3615309050575421
0,dog,100000,pearson,0.46363095445088226
0,dog,100000,log_pearson,0.36254474789532587
0,dog,100000,spearman,0.31982328947850147
0,wolf,200000,pearson,0.6570878293774398
0,wolf,200000,log_pearson,0.4468054358725945
0,wolf,200000,spearman,0.4198223541239562
0,dog,200000,pearson,0.5467763801355509
0,dog,200000,log_pearson,0.3908052498956539
0,dog,200000,spearman,0.36061360247176955
0,wolf,500000,pearson,0.7520696865178096
0,wolf,500000,log_pearson,0.4880942425204015
0,wolf,500000,spearman,0.474478973751765
0,dog,500000,pearson,0.6341272038737171
0,dog,500000,log_pearson,0.42475942177107817
0,dog,500000,spearman,0.3985684811257302
0,wolf,1000000,pearson,0.8616028112495072
0,wolf,1000000,log_pearson,0.5460136403663478
0,wolf,1000000,spearman,0.5687849914510585
0,dog,1000000,pearson,0.7762559988686282
0,dog,1000000,log_pearson,0.47593927685978343
0,dog,1000000,spearman,0.4839619161831988
1,wolf,100000,pearson,0.5523669646900923
1,wolf,100000,log_pearson,0.39600609834876277
1,wolf,100000,spearman,0.3645332162894677
1,dog,100000,pearson,0.4808373679527703
1,dog,100000,log_pearson,0.36836166799586345
1,dog,100000,spearman,0.32398616194720703
1,wolf,200000,pearson,0.6509880952771286
1,wolf,200000,log_pearson,0.44360457846293094
1,wolf,200000,spearman,0.4252545663072225
1,dog,200000,pearson,0.570353650104999
1,dog,200000,log_pearson,0.3988375774740685
1,dog,200000,spearman,0.36223800095484354
1,wolf,500000,pearson,0.7395604761731469
1,wolf,500000,log_pearson,0.4890470812705238
1,wolf,500000,spearman,0.4888168315575975
1,dog,500000,pearson,0.688064868435137
1,dog,500000,log_pearson,0.4422633843403464
1,dog,500000,spearman,0.41373937286083273
1,wolf,1000000,pearson,0.8583737084897479
1,wolf,1000000,log_pearson,0.5504858757564215
1,wolf,1000000,spearman,0.5882797635073677
1,dog,1000000,pearson,0.7846077046517269
1,dog,1000000,log_pearson,0.4838878112325691
1,dog,1000000,spearman,0.4773707939640165
2,wolf,100000,pearson,0.5643126871222721
2,wolf,100000,log_pearson,0.39348250605035584
2,wolf,100000,spearman,0.35943941334656815
2,dog,100000,pearson,0.48923669283019505
2,dog,100000,log_pearson,0.3658539806172357
2,dog,100000,spearman,0.31921125431847835
2,wolf,200000,pearson,0.6561379970713568
2,wolf,200000,log_pearson,0.4411833031180316
2,wolf,200000,spearman,0.4213647189364677
2,dog,200000,pearson,0.5798696740473105
2,dog,200000,log_pearson,0.3938127201178637
2,dog,200000,spearman,0.3572523887582081
2,wolf,500000,pearson,0.7516186407932622
2,wolf,500000,log_pearson,0.4803216732498402
2,wolf,500000,spearman,0.47016634805273305
2,dog,500000,pearson,0.6866480978401539
2,dog,500000,log_pearson,0.4221217041717319
2,dog,500000,spearman,0.385129962404969
2,wolf,1000000,pearson,0.8603624432577953
2,wolf,1000000,log_pearson,0.546368169092853
2,wolf,1000000,spearman,0.5799238177477508
2,dog,1000000,pearson,0.7808251086698156
2,dog,1000000,log_pearson,0.46176588285919634
2,dog,1000000,spearman,0.46435758190102056
3,wolf,100000,pearson,0.5549974788603591
3,wolf,100000,log_pearson,0.3918072237295225
3,wolf,100000,spearman,0.3608636036720552
3,dog,100000,pearson,0.4692025841980525
3,dog,100000,log_pearson,0.3562896715091575
3,dog,100000,spearman,0.31764518372910283
3,wolf,200000,pearson,0.6567496637453691
3,wolf,200000,log_pearson,0.4400336614534674
3,wolf,200000,spearman,0.4207891988322948
3,dog,200000,pearson,0.5635513254044838
3,dog,200000,log_pearson,0.38178064346573726
3,dog,200000,spearman,0.35256490685913294
3,wolf,500000,pearson,0.7446833279747335
3,wolf,500000,log_pearson,0.48939802124038007
3,wolf,500000,spearman,0.48062112993913
3,dog,500000,pearson,0.6717021562755309
3,dog,500000,log_pearson,0.40939592816155995
3,dog,500000,spearman,0.38761165819781207
3,wolf,1000000,pearson,0.8631616383655188
3,wolf,1000000,log_pearson,0.5449145921233962
3,wolf,1000000,spearman,0.5792518360957536
3,dog,1000000,pearson,0.7752544385428881
3,dog,1000000,log_pearson,0.436156653845065
3,dog,1000000,spearman,0.4490744714256635
4,wolf,100000,pearson,0.5501870409543219
4,wolf,100000,log_pearson,0.3906695597865825
4,wolf,100000,spearman,0.3551426551473953
4,dog,100000,pearson,0.506478603367828
4,dog,100000,log_pearson,0.3585941103714127
4,dog,100000,spearman,0.31334181040815007
4,wolf,200000,pearson,0.6529353829930091
4,wolf,200000,log_pearson,0.4379803777297575
4,wolf,200000,spearman,0.4132074771932864
4,dog,200000,pearson,0.5930753029680712
4,dog,200000,log_pearson,0.38921942045851904
4,dog,200000,spearman,0.35611170802756015
4,wolf,500000,pearson,0.7466787523294267
4,wolf,500000,log_pearson,0.48535372835189683
4,wolf,500000,spearman,0.4711412863247864
4,dog,500000,pearson,0.6941251082645415
4,dog,500000,log_pearson,0.42867798834320175
4,dog,500000,spearman,0.40137708345371026
4,wolf,1000000,pearson,0.8635662459722756
4,wolf,1000000,log_pearson,0.5430599612560357
4,wolf,1000000,spearman,0.5688142080446237
4,dog,1000000,pearson,0.7964461190956075
4,dog,1000000,log_pearson,0.4802154167026499
4,dog,1000000,spearman,0.4818409409421972
5,wolf,100000,pearson,0.5381599578986742
5,wolf,100000,log_pearson,0.39239728591250495
5,wolf,100000,spearman,0.36150169290933715
5,dog,100000,pearson,0.4799733819142188
5,dog,100000,log_pearson,0.36473346928426603
5,dog,100000,spearman,0.3210240227539061
5,wolf,200000,pearson,0.6436180957240105
5,wolf,200000,log_pearson,0.43931053926386116
5,wolf,200000,spearman,0.42046647157387906
5,dog,200000,pearson,0.5827083554926715
5,dog,200000,log_pearson,0.395457519326625
5,dog,200000,spearman,0.36408701360256707
5,wolf,500000,pearson,0.7401612670787832
5,wolf,500000,log_pearson,0.4851075987460399
5,wolf,500000,spearman,0.4731461524524299
5,dog,500000,pearson,0.6887811803208154
5,dog,500000,log_pearson,0.4351601257517917
5,dog,500000,spearman,0.4031528572420764
5,wolf,1000000,pearson,0.8555965600256693
5,wolf,1000000,log_pearson,0.542854261598899
5,wolf,1000000,spearman,0.5709178027813104
5,dog,1000000,pearson,0.785400567607102
5,dog,1000000,log_pearson,0.470195380033528
5,dog,1000000,spearman,0.4614505308412937
6,wolf,100000,pearson,0.5533691479335454
6,wolf,100000,log_pearson,0.3917930918717323
6,wolf,100000,spearman,0.36102420508685046
6,dog,100000,pearson,0.4874518814289527
6,dog,100000,log_pearson,0.35267842060598903
6,dog,100000,spearman,0.3070774668239313
6,wolf,200000,pearson,0.656300231551148
6,wolf,200000,log_pearson,0.4353256899935135
6,wolf,200000,spearman,0.41741496515486953
6,dog,200000,pearson,0.5859248521084961
6,dog,200000,log_pearson,0.37460414025954597
6,dog,200000,spearman,0.3422525206226096
6,wolf,500000,pearson,0.745393726566431
6,wolf,500000,log_pearson,0.48388035589842227
6,wolf,500000,spearman,0.4734422848818054
6,dog,500000,pearson,0.7032198260284197
6,dog,500000,log_pearson,0.4016634470362733
6,dog,500000,spearman,0.37548059548211976
6,wolf,1000000,pearson,0.862103472133624
6,wolf,1000000,log_pearson,0.5437506250641585
6,wolf,1000000,spearman,0.5652936085200299
6,dog,1000000,pearson,0.799743288720939
6,dog,1000000,log_pearson,0.4500630372729255
6,dog,1000000,spearman,0.4482746657163322
7,wolf,100000,pearson,0.5502609522738994
7,wolf,100000,log_pearson,0.3841432995886832
7,wolf,100000,spearman,0.35457821031707426
7,dog,100000,pearson,0.4420607241077143
7,dog,100000,log_pearson,0.3610497874727178
7,dog,100000,spearman,0.3246128300304472
7,wolf,200000,pearson,0.6510925192619658
7,wolf,200000,log_pearson,0.43322135194211847
7,wolf,200000,spearman,0.4160413323728996
7,dog,200000,pearson,0.5280880209853434
7,dog,200000,log_pearson,0.3923549134338686
7,dog,200000,spearman,0.36363918313433996
7,wolf,500000,pearson,0.7458610667603466
7,wolf,500000,log_pearson,0.4838299480186879
7,wolf,500000,spearman,0.46994548825000265
7,dog,500000,pearson,0.6208601845711013
7,dog,500000,log_pearson,0.4219349949233677
7,dog,500000,spearman,0.39979626999023976
7,wolf,1000000,pearson,0.8600307344630654
7,wolf,1000000,log_pearson,0.5409682869644156
7,wolf,1000000,spearman,0.5758481029454201
7,dog,1000000,pearson,0.7629452554629866
7,dog,1000000,log_pearson,0.45319277606738395
7,dog,1000000,spearman,0.4613117520218595
8,wolf,100000,pearson,0.5492271617331279
8,wolf,100000,log_pearson,0.39458156252991444
8,wolf,100000,spearman,0.36584310500172373
8,dog,100000,pearson,0.48791673131133406
8,dog,100000,log_pearson,0.37329131149315375
8,dog,100000,spearman,0.32880559551695104
8,wolf,200000,pearson,0.6530802833082026
8,wolf,200000,log_pearson,0.4405991523649625
8,wolf,200000,spearman,0.4264934169314627
8,dog,200000,pearson,0.582441653265198
8,dog,200000,log_pearson,0.4041822423562581
8,dog,200000,spearman,0.375363406301874
8,wolf,500000,pearson,0.7452302203324631
8,wolf,500000,log_pearson,0.4889613917135586
8,wolf,500000,spearman,0.4906459113116391
8,dog,500000,pearson,0.7001257775298558
8,dog,500000,log_pearson,0.4431808049325762
8,dog,500000,spearman,0.42145295110696396
8,wolf,1000000,pearson,0.8653681658653424
8,wolf,1000000,log_pearson,0.5485379552127547
8,wolf,1000000,spearman,0.5876735191908918
8,dog,1000000,pearson,0.8101624295327717
8,dog,1000000,log_pearson,0.47186493987244543
8,dog,1000000,spearman,0.5100888549787843
9,wolf,100000,pearson,0.5352298414362378
9,wolf,100000,log_pearson,0.3799766988891594
9,wolf,100000,spearman,0.3531231401349213
9,dog,100000,pearson,0.45080060503981134
9,dog,100000,log_pearson,0.362584218178986
9,dog,100000,spearman,0.31657324176823803
9,wolf,200000,pearson,0.6252204786362557
9,wolf,200000,log_pearson,0.4286350851484973
9,wolf,200000,spearman,0.4173687200798322
9,dog,200000,pearson,0.544345518256796
9,dog,200000,log_pearson,0.38937408654655387
9,dog,200000,spearman,0.35782944972307545
9,wolf,500000,pearson,0.7279657821963913
9,wolf,500000,log_pearson,0.47858910111700825
9,wolf,500000,spearman,0.4679613558997582
9,dog,500000,pearson,0.6614171160170144
9,dog,500000,log_pearson,0.4324990241159897
9,dog,500000,spearman,0.41571335367647017
9,wolf,1000000,pearson,0.8603855126407314
9,wolf,1000000,log_pearson,0.5417068996033199
9,wolf,1000000,spearman,0.5762060062165925
9,dog,1000000,pearson,0.7732435184020244
9,dog,1000000,log_pearson,0.46238266121233046
9,dog,1000000,spearman,0.4862992436684063
10,wolf,100000,pearson,0.5598433347679271
10,wolf,100000,log_pearson,0.39484743460546606
10,wolf,100000,spearman,0.36276240420542977
10,dog,100000,pearson,0.4809674522120809
10,dog,100000,log_pearson,0.350356174547532
10,dog,100000,spearman,0.30341681871612974
10,wolf,200000,pearson,0.6505589493934906
10,wolf,200000,log_pearson,0.4438374049456372
10,wolf,200000,spearman,0.42302515257035056
10,dog,200000,pearson,0.5815467050430203
10,dog,200000,log_pearson,0.3789455326494885
10,dog,200000,spearman,0.342787812250563
10,wolf,500000,pearson,0.7464614760468634
10,wolf,500000,log_pearson,0.48626473520315366
10,wolf,500000,spearman,0.47715678617629975
10,dog,500000,pearson,0.7039889497353955
10,dog,500000,log_pearson,0.41541172701366746
10,dog,500000,spearman,0.3997801318596812
10,wolf,1000000,pearson,0.8543155895025935
10,wolf,1000000,log_pearson,0.5480826628450286
10,wolf,1000000,spearman,0.5789304535665375
10,dog,1000000,pearson,0.811409342358525
10,dog,1000000,log_pearson,0.45999117017178104
10,dog,1000000,spearman,0.4591615187734863
11,wolf,100000,pearson,0.5388736380745309
11,wolf,100000,log_pearson,0.39353763997144914
11,wolf,100000,spearman,0.3611811586164719
11,dog,100000,pearson,0.44496071618507116
11,dog,100000,log_pearson,0.37214502980230135
11,dog,100000,spearman,0.3274054320317039
11,wolf,200000,pearson,0.6509275272922405
11,wolf,200000,log_pearson,0.4405841737806963
11,wolf,200000,spearman,0.4176262798597855
11,dog,200000,pearson,0.5295080350747738
11,dog,200000,log_pearson,0.3946159549775717
11,dog,200000,spearman,0.3592956700674176
11,wolf,500000,pearson,0.7412969295043483
11,wolf,500000,log_pearson,0.4763699062222784
11,wolf,500000,spearman,0.46907421886494527
11,dog,500000,pearson,0.6172856263210177
11,dog,500000,log_pearson,0.43147179305967087
11,dog,500000,spearman,0.41198556573343587
11,wolf,1000000,pearson,0.8590953196380888
11,wolf,1000000,log_pearson,0.536137124949256
11,wolf,1000000,spearman,0.5600054050847477
11,dog,1000000,pearson,0.7443250662565557
11,dog,1000000,log_pearson,0.45065673599092143
11,dog,1000000,spearman,0.4623023083169792
12,wolf,100000,pearson,0.5529966774697436
12,wolf,100000,log_pearson,0.39177571700836794
12,wolf,100000,spearman,0.36064954838606716
12,dog,100000,pearson,0.4642959614202496
12,dog,100000,log_pearson,0.35649500976772325
12,dog,100000,spearman,0.31064430908223284
12,wolf,200000,pearson,0.6524617930267298
12,wolf,200000,log_pearson,0.4402784565861919
12,wolf,200000,spearman,0.42129908639125446
12,dog,200000,pearson,0.5521677815704065
12,dog,200000,log_pearson,0.386361483341735
12,dog,200000,spearman,0.35330171764741436
12,wolf,500000,pearson,0.7429670202008151
12,wolf,500000,log_pearson,0.47727051714014196
12,wolf,500000,spearman,0.4719724403579193
12,dog,500000,pearson,0.6513777113387091
12,dog,500000,log_pearson,0.4132166886751328
12,dog,500000,spearman,0.38637349109964736
12,wolf,1000000,pearson,0.8579134959264895
12,wolf,1000000,log_pearson,0.5401361935381955
12,wolf,1000000,spearman,0.571224577013744
12,dog,1000000,pearson,0.7808495509862537
12,dog,1000000,log_pearson,0.4584020373991097
12,dog,1000000,spearman,0.460768434353878
13,wolf,100000,pearson,0.5521462860021152
13,wolf,100000,log_pearson,0.4025872743541591
13,wolf,100000,spearman,0.37162709581288905
13,dog,100000,pearson,0.44781240698046954
13,dog,100000,log_pearson,0.3583583676067914
13,dog,100000,spearman,0.31362532213054595
13,wolf,200000,pearson,0.649334832399484
13,wolf,200000,log_pearson,0.44988658026299955
13,wolf,200000,spearman,0.4288472650908581
13,dog,200000,pearson,0.533884219738121
13,dog,200000,log_pearson,0.3855163973493591
13,dog,200000,spearman,0.3511722188780408
13,wolf,500000,pearson,0.7457279479732498
13,wolf,500000,log_pearson,0.49274322314879576
13,wolf,500000,spearman,0.4896673671652555
13,dog,500000,pearson,0.6148767497033428
13,dog,500000,log_pearson,0.42748390294606425
13,dog,500000,spearman,0.4075276438496131
13,wolf,1000000,pearson,0.8610567121538895
13,wolf,1000000,log_pearson,0.5470320622083514
13,wolf,1000000,spearman,0.5810194400064418
13,dog,1000000,pearson,0.7582573142513866
13,dog,1000000,log_pearson,0.45950742793029886
13,dog,1000000,spearman,0.4693317069554779
14,wolf,100000,pearson,0.5602597171296174
14,wolf,100000,log_pearson,0.3947736173471898
14,wolf,100000,spearman,0.36199603948402176
14,dog,100000,pearson,0.4970078741882863
14,dog,100000,log_pearson,0.36527785688925835
14,dog,100000,spearman,0.31499957391850664
14,wolf,200000,pearson,0.6719893880336194
14,wolf,200000,log_pearson,0.44132114725733634
14,wolf,200000,spearman,0.4218291752872041
14,dog,200000,pearson,0.5865556140193748
14,dog,200000,log_pearson,0.396191608274047
14,dog,200000,spearman,0.36057657968191853
14,wolf,500000,pearson,0.7543571733726605
14,wolf,500000,log_pearson,0.48899516275699423
14,wolf,500000,spearman,0.48226856377378313
14,dog,500000,pearson,0.714322019276701
14,dog,500000,log_pearson,0.43390284045369065
14,dog,500000,spearman,0.4061553176756414
14,wolf,1000000,pearson,0.8665564364350581
14,wolf,1000000,log_pearson,0.5430275814523187
14,wolf,1000000,spearman,0.5834298089755621
14,dog,1000000,pearson,0.8187932249712315
14,dog,1000000,log_pearson,0.47527876651093787
14,dog,1000000,spearman,0.4798542089518946
15,wolf,100000,pearson,0.5470217124778737
15,wolf,100000,log_pearson,0.3913382894566596
15,wolf,100000,spearman,0.3601458422972314
15,dog,100000,pearson,0.47512965837248994
15,dog,100000,log_pearson,0.3728024800559946
15,dog,100000,spearman,0.3348998777889394
15,wolf,200000,pearson,0.648389803601261
15,wolf,200000,log_pearson,0.4419148543103383
15,wolf,200000,spearman,0.42038220729195996
15,dog,200000,pearson,0.5639719444016871
15,dog,200000,log_pearson,0.40932939549165326
15,dog,200000,spearman,0.3828261332159362
15,wolf,500000,pearson,0.7501886220119561
15,wolf,500000,log_pearson,0.4902906860556225
15,wolf,500000,spearman,0.4856770164844937
15,dog,500000,pearson,0.6568123962893008
15,dog,500000,log_pearson,0.45130028904301805
15,dog,500000,spearman,0.43169714542141846
15,wolf,1000000,pearson,0.8610409132919109
15,wolf,1000000,log_pearson,0.5534979725319468
15,wolf,1000000,spearman,0.5788793245277986
15,dog,1000000,pearson,0.7796737984947022
15,dog,1000000,log_pearson,0.49073455129665006
15,dog,1000000,spearman,0.5239229120318565
16,wolf,100000,pearson,0.5556826748361949
16,wolf,100000,log_pearson,0.385484103290309
16,wolf,100000,spearman,0.3543983085376939
16,dog,100000,pearson,0.4914862190137254
16,dog,100000,log_pearson,0.3646607447457878
16,dog,100000,spearman,0.3111819411866204
16,wolf,200000,pearson,0.6488406750560797
16,wolf,200000,log_pearson,0.43601146296696935
16,wolf,200000,spearman,0.41723510058897956
16,dog,200000,pearson,0.5876357335210843
16,dog,200000,log_pearson,0.3983305137640736
16,dog,200000,spearman,0.35486769950823827
16,wolf,500000,pearson,0.7362573055847377
16,wolf,500000,log_pearson,0.489296825155667
16,wolf,500000,spearman,0.48316372207627867
16,dog,500000,pearson,0.6906117419596406
16,dog,500000,log_pearson,0.4338270131704638
16,dog,500000,spearman,0.41058494629747233
16,wolf,1000000,pearson,0.8591944427272182
16,wolf,1000000,log_pearson,0.5482864646902947
16,wolf,1000000,spearman,0.584072574033994
16,dog,1000000,pearson,0.8199673968623631
16,dog,1000000,log_pearson,0.4777211206091436
16,dog,1000000,spearman,0.4857514325390608
17,wolf,100000,pearson,0.5467384950509505
17,wolf,100000,log_pearson,0.38814696688120004
17,wolf,100000,spearman,0.35082138999055557
17,dog,100000,pearson,0.453523711856289
17,dog,100000,log_pearson,0.3645713232785804
17,dog,100000,spearman,0.3307982259671526
17,wolf,200000,pearson,0.6554177458258784
17,wolf,200000,log_pearson,0.4374680770851447
17,wolf,200000,spearman,0.4121475610014345
17,dog,200000,pearson,0.5432645015783185
17,dog,200000,log_pearson,0.39569943038109273
17,dog,200000,spearman,0.3716526365935764
17,wolf,500000,pearson,0.7443584516663135
17,wolf,500000,log_pearson,0.4865476853979282
17,wolf,500000,spearman,0.4745172861665244
17,dog,500000,pearson,0.6321521810476981
17,dog,500000,log_pearson,0.432979416318185
17,dog,500000,spearman,0.42443272797307
17,wolf,1000000,pearson,0.8658893978695797
17,wolf,1000000,log_pearson,0.540635777702562
17,wolf,1000000,spearman,0.5644098065646858
17,dog,1000000,pearson,0.7720917976978788
17,dog,1000000,log_pearson,0.4670816952586101
17,dog,1000000,spearman,0.5028431397746409
18,wolf,100000,pearson,0.5414551760966939
18,wolf,100000,log_pearson,0.3945541787092748
18,wolf,100000,spearman,0.36092017132571225
18,dog,100000,pearson,0.47550237106059634
18,dog,100000,log_pearson,0.3480793252275203
18,dog,100000,spearman,0.30588778425653035
18,wolf,200000,pearson,0.6333107836102
18,wolf,200000,log_pearson,0.4435342522862016
18,wolf,200000,spearman,0.42243242499639627
18,dog,200000,pearson,0.577166278020046
18,dog,200000,log_pearson,0.3787739198113
18,dog,200000,spearman,0.34757398677500156
18,wolf,500000,pearson,0.7318379459914328
18,wolf,500000,log_pearson,0.4986120718279098
18,wolf,500000,spearman,0.493819080722298
18,dog,500000,pearson,0.6791688992307684
18,dog,500000,log_pearson,0.41297596726065455
18,dog,500000,spearman,0.39327423309924786
18,wolf,1000000,pearson,0.8649546715752479
18,wolf,1000000,log_pearson,0.5582897334224809
18,wolf,1000000,spearman,0.5860300858028554
18,dog,1000000,pearson,0.798088841109067
18,dog,1000000,log_pearson,0.45359778082130225
18,dog,1000000,spearman,0.4568789682331571
19,wolf,100000,pearson,0.542823630009984
19,wolf,100000,log_pearson,0.38682001001581207
19,wolf,100000,spearman,0.35557827585747337
19,dog,100000,pearson,0.44876293013834084
19,dog,100000,log_pearson,0.3668776511306889
19,dog,100000,spearman,0.321483874804041
19,wolf,200000,pearson,0.6496782546188612
19,wolf,200000,log_pearson,0.4347249309196264
19,wolf,200000,spearman,0.41684581065184884
19,dog,200000,pearson,0.5436654678786279
19,dog,200000,log_pearson,0.3946053785933469
19,dog,200000,spearman,0.36092505203800906
19,wolf,500000,pearson,0.7380380776008038
19,wolf,500000,log_pearson,0.4864753072965514
19,wolf,500000,spearman,0.48214731624942697
19,dog,500000,pearson,0.6497619757687738
19,dog,500000,log_pearson,0.43297758141941484
19,dog,500000,spearman,0.41230763684084815
19,wolf,1000000,pearson,0.8598230448821882
19,wolf,1000000,log_pearson,0.5451607383672886
19,wolf,1000000,spearman,0.5709543235232668
19,dog,1000000,pearson,0.7696290926433245
19,dog,1000000,log_pearson,0.469447527949237
19,dog,1000000,spearman,0.4933769634595504
